INSERT INTO data_group(id, description) VALUES
  ('VEHICLETYP', 'Vehicle type'),
  ('APPTYPE', 'Application type'),
  ('LA', 'Local authorities')
;


INSERT INTO reference_data (data_group_id, code, description, display_order, data_subgroup_id) VALUES
('VEHICLETYP', 'CAR', 'Car', 1, null),
('VEHICLETYP', 'PEOPLECAR', 'People Carrier', 2, null),
('VEHICLETYP', 'MINIBUS', 'Minibus', 3, null),
('VEHICLETYP', 'OTHERVEH', 'Other', 4, null),
('APPTYPE', 'NEW', 'New', 1, null),
('APPTYPE', 'CANCEL', 'Cancel', 2, null),
('APPTYPE', 'RENEW', 'Renew', 3, null),
('APPTYPE', 'REPLACE', 'Replace', 4, null)
;

ALTER TABLE reference_data ALTER COLUMN display_order SET DEFAULT 0;

INSERT INTO reference_data (data_group_id, code, description, display_order) VALUES
('LA', 'ABERC', 'Aberdeen City Council', 10),
('LA', 'ABERD', 'Aberdeenshire Council', 20),
('LA', 'ANGL', 'Cyngor Sir Ynys Mon / Isle of Anglesey County Council', 30),
('LA', 'ANGUS', 'Angus Council', 40),
('LA', 'ARBUT', 'Argyll and Bute Council', 50),
('LA', 'BARNS', 'Barnsley MBC', 60),
('LA', 'BEDF', 'Bedford', 70),
('LA', 'BIRM', 'Birmingham', 80),
('LA', 'BLACK', 'Blackpool Council', 90),
('LA', 'BLDRN', 'Blackburn with Darwen Borough Council', 100),
('LA', 'BLGW', 'Cyngor Bwrdeistref Sirol Blaenau Gwent / Blaenau Gwent County Borough Council', 110),
('LA', 'BOLT', 'Bolton Council', 120),
('LA', 'BOURN', 'Bournemouth Borough Council', 130),
('LA', 'BRAD', 'Bradford Metropolitan District Council', 140),
('LA', 'BRAFR', 'Bracknell Forest Council', 150),
('LA', 'BRID', 'Cyngor Bwrdeistref Sirol Pen-y-bont ar Ogwr/ Bridgend County Borough Council', 160),
('LA', 'BRIHV', 'Brighton & Hove City Council', 170),
('LA', 'BRIST', 'Bristol City Council', 180),
('LA', 'BTNES', 'Bath & NE Somerset', 190),
('LA', 'BUCCC', 'Buckinghamshire', 200),
('LA', 'BURY', 'Bury Council', 210),
('LA', 'CAER', 'Cyngor Bwrdeistref Sirol Caerffili / Caerphilly County Borough Council', 220),
('LA', 'CALD', 'Calderdale', 230),
('LA', 'CAMCC', 'Cambridgeshire County Council', 240),
('LA', 'CARD', 'Cyngor Dinas a Sir Caerdydd / City and County of Cardiff Council', 250),
('LA', 'CARM', 'Cyngor Sir Gaerfyrddin / Carmarthenshire County Council', 260),
('LA', 'CBED', 'Central Bedfordshire', 270),
('LA', 'CERE', 'Cyngor Sir Ceredigion / Ceredigion County Council', 280),
('LA', 'CHESE', 'Cheshire East Council', 290),
('LA', 'CHEWC', 'Cheshire West and Chester', 300),
('LA', 'CLACK', 'Clackmannanshire Council', 310),
('LA', 'CONWY', 'Cyngor Bwrdeistref Sirol Conwy / Conwy County Borough Council', 320),
('LA', 'CORN', 'Cornwall Council', 330),
('LA', 'COV', 'Coventry City Council', 340),
('LA', 'CUMCC', 'Cumbria County Council', 350),
('LA', 'DARL', 'Darlington Borough Council', 360),
('LA', 'DENB', 'Cyngor Sir Ddinbych / Denbighshire County Council', 370),
('LA', 'DERBY', 'Derby', 380),
('LA', 'DERCC', 'Derbyshire', 390),
('LA', 'DEVCC', 'Devon County Council', 400),
('LA', 'DONC', 'Doncaster MBC', 410),
('LA', 'DORCC', 'Dorset', 420),
('LA', 'DUDL', 'Dudley Metropolitan Borough Council', 430),
('LA', 'DUMGL', 'Dumfries & Galloway', 440),
('LA', 'DUNDC', 'Dundee City Council', 450),
('LA', 'DURHM', 'Durham County Council', 460),
('LA', 'EAYR', 'East Ayrshire Council', 470),
('LA', 'EDIN', 'City of Edinburgh Council', 480),
('LA', 'EDUN', 'East Dunbartonshire Council', 490),
('LA', 'EILSR', 'Eilean Siar', 500),
('LA', 'ELOTH', 'East Lothian', 510),
('LA', 'EREN', 'East Renfrewshire Council', 520),
('LA', 'ESSCC', 'Essex County Council', 530),
('LA', 'ESUCC', 'East Sussex', 540),
('LA', 'EYORK', 'East Riding of Yorkshire', 550),
('LA', 'FALK', 'Falkirk Council', 560),
('LA', 'FIFE', 'Fife Council', 570),
('LA', 'FLINT', 'Cyngor Sir y Fflint / Flintshire County Council', 580),
('LA', 'GATES', 'Gateshead Council', 590),
('LA', 'GLAM', 'Cyngor Bro Morgannwg / Vale of Glamorgan Council', 600),
('LA', 'GLAS', 'Glasgow City Council', 610),
('LA', 'GLOCC', 'Gloucestershire', 620),
('LA', 'GWYN', 'Cyngor Gwynedd / Gwynedd Council', 630),
('LA', 'HALT', 'Halton Borough Council', 640),
('LA', 'HAMCC', 'Hampshire County Council', 650),
('LA', 'HART', 'Hartlepool Borough Council', 660),
('LA', 'HERCC', 'Hertfordshire',670),
('LA', 'HEREF', 'Herefordshire Council', 680),
('LA', 'HIGH', 'Highland Council', 690),
('LA', 'HULL', 'Hull City Council', 700),
('LA', 'INVC', 'Inverclyde', 710),
('LA', 'IOS', 'Isles of Scilly', 720),
('LA', 'IOW', 'Isle of Wight Council', 730),
('LA', 'KENTCC', 'Kent County Council', 740),
('LA', 'KIRK', 'Kirklees Council', 750),
('LA', 'KNOWS', 'Knowsley MBC', 760),
('LA', 'LANCC', 'Lancashire', 770),
('LA', 'LBBAD', 'LB of Barking & Dagenham', 780),
('LA', 'LBBAR', 'London Borough of Barnet', 790),
('LA', 'LBBEX', 'Bexley', 800),
('LA', 'LBBRE', 'London Borough of Brent', 810),
('LA', 'LBBRO', 'Bromley', 820),
('LA', 'LBCAM', 'Camden', 830),
('LA', 'LBCOL', 'City of London', 840),
('LA', 'LBCRO', 'Croydon', 850),
('LA', 'LBEAL', 'Ealing Council', 860),
('LA', 'LBENF', 'London Borough of Enfield', 870),
('LA', 'LBGRE', 'Greenwich', 880),
('LA', 'LBHAC', 'Hackney', 890),
('LA', 'LBHAF', 'Hammersmith and Fulham', 900),
('LA', 'LBHAV', 'London Borough of Havering', 910),
('LA', 'LBHGY', 'London Borough of Haringey', 920),
('LA', 'LBHIL', 'London Borough of Hillingdon', 930),
('LA', 'LBHOW', 'London Borough of Hounslow', 940),
('LA', 'LBHRW', 'Harrow Council', 950),
('LA', 'LBISL', 'London Borough of Islington', 960),
('LA', 'LBKC', 'Kensington and Chelsea', 970),
('LA', 'LBKUT', 'Kingston upon Thames', 980),
('LA', 'LBLAM', 'London Borough of Lambeth', 990),
('LA', 'LBLEW', 'London Borough of Lewisham', 1000),
('LA', 'LBMER', 'Merton', 1010),
('LA', 'LBNEW', 'London Borough of Newham', 1020),
('LA', 'LBRED', 'London Borough of Redbridge', 1030),
('LA', 'LBRIC', 'Richmond Council', 1040),
('LA', 'LBSOU', 'London Borough of Southwark', 1050),
('LA', 'LBSUT', 'London Borough of Sutton', 1060),
('LA', 'LBTHA', 'London Borough Tower Hamlets', 1070),
('LA', 'LBWAL', 'Waltham Forest', 1080),
('LA', 'LBWAN', 'Wandsworth', 1090),
('LA', 'LBWES', 'Westminster', 1100),
('LA', 'LEEDS', 'Leeds', 1110),
('LA', 'LEIC', 'Leicester City Council', 1120),
('LA', 'LEICC', 'Leicestershire County Council', 1130),
('LA', 'LINCC', 'Lincolnshire County Council', 1140),
('LA', 'LIVER', 'Liverpool City Council', 1150),
('LA', 'LUTON', 'Luton Borough Council', 1160),
('LA', 'MANC', 'Manchester City Council', 1170),
('LA', 'MEDTN', 'Medway Council', 1180),
('LA', 'MERTH', 'Cyngor Bwrdeistref Sirol Merthyr Tudful / Merthyr Tydfil County Borough Council', 1190),
('LA', 'MIDDL', 'Middlesbrough Council', 1200),
('LA', 'MIDLH', 'Midlothian', 1210),
('LA', 'MILKN', 'Milton Keynes Council', 1220),
('LA', 'MON', 'Cyngor Sir Fynwy / Monmouthshire County Council', 1230),
('LA', 'MORAY', 'Moray Council', 1240),
('LA', 'NAYR', 'North Ayrshire', 1250),
('LA', 'NEATH', 'Cyngor Bwrdeistref Sirol Castell-Nedd Port Talbot / Neath Port Talbot County Borough Council', 1260),
('LA', 'NELIN', 'North East Lincolnshire Council', 1270),
('LA', 'NEWC', 'Newcastle City Council', 1280),
('LA', 'NEWP', 'Cyngor Dinas Casnewydd/ Newport City Council', 1290),
('LA', 'NIRE', 'Northern Ireland', 1300),
('LA', 'NLAN', 'North Lanarkshire', 1310),
('LA', 'NLIN', 'North Lincolnshire Council', 1320),
('LA', 'NOFCC', 'Norfolk County Council', 1330),
('LA', 'NORCC', 'Northamptonshire CC', 1340),
('LA', 'NORTH', 'Northumberland County Council', 1350),
('LA', 'NOTCC', 'Nottinghamshire County Council', 1360),
('LA', 'NOTT', 'Nottingham City', 1370),
('LA', 'NSOM', 'North Somerset', 1380),
('LA', 'NTYNE', 'North Tyneside Council', 1390),
('LA', 'NYKCC', 'North Yorkshire', 1400),
('LA', 'OLDH', 'Oldham Council', 1410),
('LA', 'ORKNY', 'Orkney Islands Council', 1420),
('LA', 'OXFCC', 'Oxfordshire County Council', 1430),
('LA', 'PEMB', 'Cyngor Sir Benfro / Pembrokeshire County Council', 1440),
('LA', 'PERKN', 'Perth & Kinross', 1450),
('LA', 'PETBR', 'Peterborough', 1460),
('LA', 'PLYM', 'Plymouth City Council', 1470),
('LA', 'POOLE', 'Borough Of Poole', 1480),
('LA', 'PORTS', 'Portsmouth City Council', 1490),
('LA', 'POWYS', 'Cyngor Sir Powys / Powys County Council', 1500),
('LA', 'RCT', 'Cyngor Bwrdeistref Sirol Rhondda Cynon Taf / Rhondda Cynon Taf County Borough Council', 1510),
('LA', 'READ', 'Reading', 1520),
('LA', 'REDCL', 'Redcar & Cleveland Borough Council', 1530),
('LA', 'RENF', 'Renfrewshire Council', 1540),
('LA', 'ROCH', 'Rochdale.B.Council', 1560),
('LA', 'ROTH', 'Rotherham', 1570),
('LA', 'RUT', 'Rutland', 1580),
('LA', 'SALF', 'Salford', 1590),
('LA', 'SAND', 'Sandwell MBC', 1600),
('LA', 'SAYR', 'South Ayrshire', 1610),
('LA', 'SCBRD', 'Scottish Borders', 1620),
('LA', 'SEFT', 'Sefton MBC', 1630),
('LA', 'SEND', 'Southend-on-Sea Borough Council', 1640),
('LA', 'SGLCS', 'South Gloucestershire Council', 1650),
('LA', 'SHEFF', 'Sheffield City Council', 1660),
('LA', 'SHETL', 'Shetland Islands', 1670),
('LA', 'SHROP', 'Shropshire Council', 1680),
('LA', 'SLAN', 'South Lanarkshire Council', 1690),
('LA', 'SLGH', 'Slough Borough Council', 1700),
('LA', 'SOLHL', 'Solihull MBC', 1710),
('LA', 'SOMCC', 'Somerset County Council', 1720),
('LA', 'SOUTH', 'Southampton City Council', 1730),
('LA', 'STACC', 'Staffordshire', 1740),
('LA', 'STHEL', 'St.Helens Council', 1750),
('LA', 'STIR', 'Stirling', 1760),
('LA', 'STOPT', 'Stockport', 1770),
('LA', 'STOTN', 'Stockton Borough Council', 1780),
('LA', 'STOTR', 'Stoke-on-Trent', 1790),
('LA', 'STYNE', 'South Tyneside', 1800),
('LA', 'SUFCC', 'Suffolk County Council', 1810),
('LA', 'SUND', 'Sunderland', 1820),
('LA', 'SURCC', 'Surrey County Council', 1830),
('LA', 'SWAN', 'Dinas a Sir Abertawe / City and County of Swansea', 1840),
('LA', 'SWIND', 'Swindon Borough Council', 1850),
('LA', 'TAME', 'Tameside', 1860),
('LA', 'TELWK', 'Telford and Wrekin Council', 1870),
('LA', 'THURK', 'Thurrock Council', 1890),
('LA', 'TORB', 'Torbay & South Devon NHS Foundation Trust', 1900),
('LA', 'TORF', 'Cyngor Bwrdeistref Sirol Torfaen / Torfaen County Borough Council', 1910),
('LA', 'TRAF', 'Trafford Council', 1920),
('LA', 'WAKE', 'Wakefield Council', 1930),
('LA', 'WAL', 'Walsall Council', 1940),
('LA', 'WARCC', 'Warwickshire County Council', 1950),
('LA', 'WARR', 'Warrington Borough Council', 1960),
('LA', 'WBERK', 'West Berkshire', 1970),
('LA', 'WDUN', 'West Dunbartonshire', 1980),
('LA', 'WIGAN', 'Wigan Council', 2000),
('LA', 'WILT', 'Wiltshire Council', 2010),
('LA', 'WINMD', 'Windsor & Maidenhead', 2020),
('LA', 'WIRR', 'Wirral', 2030),
('LA', 'WLOTH', 'West Lothian Council', 2040),
('LA', 'WOK', 'Wokingham Borough Council', 2050),
('LA', 'WOLV', 'City of Wolverhampton Council', 2060),
('LA', 'WORCC', 'Worcestershire County Council', 2070),
('LA', 'WREX', 'Cyngor Bwrdeistref Sirol Wrecsam / Wrexham County Borough Council', 2080),
('LA', 'WSUCC', 'West Sussex', 2090),
('LA', 'YORK', 'City of York Council', 2100);

INSERT INTO group_domain_map (data_group_id, data_domain_id) VALUES
  ('VEHICLETYP', 'APP'),
  ('APPTYPE', 'APP'),
  ('LA', 'APP'),
  ('LA', 'BADGE')
;

--//@UNDO
-- SQL to undo the change goes here.
DELETE FROM group_domain_map WHERE data_group_id IN
('VEHICLETYP', 'APPTYPE', 'LA');
DELETE FROM reference_data WHERE data_group_id IN
('VEHICLETYP', 'APPTYPE', 'LA');
DELETE FROM data_group  WHERE id IN
('VEHICLETYP', 'APPTYPE', 'LA');
